{
    "norm_stats": {
      "state": {
        "mean": [
          -0.04363870248198509,
          0.03525487706065178,
          0.7637033462524414,
          2.9673683643341064,
          -0.2108035385608673,
          -0.1297520250082016,
          0.027788693085312843,
          -0.028010232374072075
        ],
        "std": [
          0.10337679088115692,
          0.15188011527061462,
          0.38154250383377075,
          0.3545231223106384,
          0.929176390171051,
          0.330748051404953,
          0.014128931798040867,
          0.013960899785161018
        ],
        "q01": [
          -0.3524468903720379,
          -0.26824864755272865,
          0.04083745917417109,
          1.5317653684616088,
          -2.7152330031871794,
          -1.076538143157959,
          0.001715825623134151,
          -0.04003722561979666
        ],
        "q99": [
          0.13891278689503672,
          0.3251991607129573,
          1.2568962905768304,
          3.26276856803894,
          2.4437233173847197,
          0.5638469840288161,
          0.04030780866963323,
          -0.0017131616945378486
        ]
      },
      "actions": {
        "mean": [
          0.026827840134501457,
          0.08886060863733292,
          -0.09983397275209427,
          0.00024006747116800398,
          0.0012838079128414392,
          -0.0029443209059536457,
          -0.1305243819952011
        ],
        "std": [
          0.3311910927295685,
          0.37191954255104065,
          0.45225635170936584,
          0.03948824852705002,
          0.06278067082166672,
          0.07317619770765305,
          0.9914451241493225
        ],
        "q01": [
          -0.747375,
          -0.796125,
          -0.9375,
          -0.11580300460159779,
          -0.16942972007393836,
          -0.194502209174633,
          -1.0
        ],
        "q99": [
          0.937125,
          0.8594999999999999,
          0.937125,
          0.1402260055720806,
          0.18103543001413347,
          0.3115457148551941,
          0.9996
        ]
      }
    }
  }